,username,birthday,email,phone,address,introduction,identitynum,password,hashed password
0,martin34,2017-8-29,dalephillips@gmail.com,073-98-0149,"PSC 9854, Box 8268
APO AA 16091",End military agreement friend indicate recognize star late respond across enjoy black that just laugh attorney property build real beautiful idea against message this firm receive use.,570093391268,nP4cwVSq!M,b'$2b$08$k1IsE8RN.kcWCki2zY594O68yQZN8OZdH9ff5dqu6l2chVexJ3wLi'
1,yjones,1968-8-17,troynguyen@yahoo.com,433-35-4203,"PSC 5912, Box 4892
APO AA 07759",Seek might reach particular only and hit resource very say indicate long him local order ahead form including doctor lay scene writer nearly player traditional any money.,4383932870823112,%zK*G4N1p3,b'$2b$08$ooWXFaFVd5r8xx85yzrKDuxZEPSMLwpIr09UCNHkPZdSI1OtD26E.'
2,walkermadison,1918-10-9,colesarah@gmail.com,837-63-9894,"87673 Karen Plain
Port Kimview, MS 05127",Poor hair charge cup relate recent bill nice sister woman factor decision simple.,3510723943860795,a53HGcdS+B,b'$2b$08$iaUKWY4XKoh7bz4XweUpVe5TaqtPfwCMSMRndLOfaG7R908TOltL.'
3,baileymary,2008-5-20,steventhomas@gmail.com,392-92-7204,"201 Thomas Heights
West Waltermouth, AK 24292",Training language end which reach well new serve gun in appear dog a plant total science medical job require.,4331150897192199729,9P8Hwqfa%9,b'$2b$08$FHk0c4QW1xENcv2bXfj8mukKf.IHgQDKovnW0/MRlTplvWTlX1Xfa'
4,riveraalexander,1956-9-26,marysanders@hotmail.com,459-91-4976,"11053 Troy Course Apt. 361
West Kariburgh, NM 18447",One go expert weight western almost long effect road question management pay economy likely able suggest record yet conference available difference job poor your.,4760184721673,9yj%4FFcef,b'$2b$08$RSocGpp1PbiTf8QsuQKE6.CtAIXrPFcM02Mm253Rr8bT/VILVdKAS'
5,blakesonya,2013-12-1,jhawkins@gmail.com,516-27-1274,"5514 Robin Port
Robertburgh, AR 58272",Foot condition red baby ever change charge rock manage speak nature fast shake air born focus.,213167157367475,5)g5SPTqiU,b'$2b$08$Dd6gaPguOZt5xpr1IxSxk.Q7liDfKwYBcHJ9xHNDvlQWtQGzCn4bu'
6,kathleen81,2005-9-3,alvarezdonald@yahoo.com,399-43-3638,"000 Ariel Point Apt. 323
West Mary, AL 58789",Bar deal involve turn reality soldier treat wish baby easy according although among clear best cell continue painting air indeed admit eight.,6011601764508452,D02*LoRN)w,b'$2b$08$Iv.SXDS7iTxDwp7m/9/fv.Q5I3ibaPa4j3cpmwLGKCR4LLuxtOyby'
7,timcoleman,2002-8-8,kimmunoz@gmail.com,636-34-4432,"9395 Andrew Lock Suite 897
Port Ryan, NJ 77613",Enough do task forget until it meeting type ball onto produce today half mention tonight share while any avoid itself.,4293676020864351224,f3yM%lSD!j,b'$2b$08$6qntGqYKTAEfdnltHfhIL.h7TsYKnLzBFUr/Jf5mjaYxCatVE92DK'
8,william77,1929-11-18,alvarezsamantha@hotmail.com,309-79-7772,"93370 Harvey Via
Port Derekchester, CO 72997",Spring box prevent instead miss couple big collection foreign science still hundred reduce enough run season finish left tough response painting view agree tough.,3514603387015872,$7N!Hz0dl6,b'$2b$08$O7sr6ncibGdCfN2hzeoYY.RCa/LGBi9FhYZwLrXAo/UhIvWJM01aO'
9,patelrichard,1950-7-29,jhughes@yahoo.com,787-17-0196,"85946 Thompson Plaza
North Kristinchester, MN 60044",Much pressure return hour federal hope anything article star admit bank detail through will whatever full evidence nation project fast during PM structure property work.,4833078291817402,%dwGdGUfl2,b'$2b$08$XVHcMx38guwfVw8WtvsAvuvmOQsgk8rgu8VHwM8gmCaE/BXrj2Pue'
